-- phpMyAdmin SQL Dump
-- version 4.0.10.12
-- http://www.phpmyadmin.net
--
-- Host: 127.4.122.130:3306
-- Generation Time: Jul 16, 2017 at 09:03 AM
-- Server version: 5.5.52
-- PHP Version: 5.3.3

SET SQL_MODE = "NO_AUTO_VALUE_ON_ZERO";
SET time_zone = "+00:00";


/*!40101 SET @OLD_CHARACTER_SET_CLIENT=@@CHARACTER_SET_CLIENT */;
/*!40101 SET @OLD_CHARACTER_SET_RESULTS=@@CHARACTER_SET_RESULTS */;
/*!40101 SET @OLD_COLLATION_CONNECTION=@@COLLATION_CONNECTION */;
/*!40101 SET NAMES utf8 */;

--
-- Database: `bekti`
--

-- --------------------------------------------------------

--
-- Table structure for table `akutansi`
--

CREATE TABLE IF NOT EXISTS `akutansi` (
  `kode` varchar(20) NOT NULL,
  `tgl` date NOT NULL,
  `hal` text,
  `ket` text NOT NULL,
  `duwik` bigint(20) NOT NULL,
  `tipe` varchar(6) NOT NULL,
  PRIMARY KEY (`kode`)
) ENGINE=InnoDB DEFAULT CHARSET=utf8;

--
-- Dumping data for table `akutansi`
--

INSERT INTO `akutansi` (`kode`, `tgl`, `hal`, `ket`, `duwik`, `tipe`) VALUES
('kredit140117105755', '2009-01-11', '', 'Gaji untuk Bu Lilik R', 125000, 'kredit'),
('kredit140117105827', '2009-01-19', '', 'Gaji untuk Bu Siti K.', 325000, 'kredit'),
('kredit140117105845', '2009-01-19', '', 'Gaji untuk Bu Windari', 25000, 'kredit'),
('kredit140117105923', '2009-01-11', '', 'Gaji untuk Bu yuliati', 125000, 'kredit'),
('kredit1401171104', '2009-02-23', '', 'Gaji untuk Bu Lilik R', 125000, 'kredit'),
('kredit14011711051', '2009-02-06', '', 'Gaji untuk Bu Siti K.', 325000, 'kredit'),
('kredit14011711119', '2009-02-22', '', 'Gaji untuk Bu Windari', 25000, 'kredit'),
('kredit140117111328', '2009-04-10', '', 'Gaji untuk Bu yuliati', 125000, 'kredit'),
('kredit14011711148', '2009-02-11', '', 'Gaji untuk Bu yuliati', 125000, 'kredit'),
('kredit140117111521', '2009-05-22', '', 'Gaji untuk Bu Lilik R', 125000, 'kredit'),
('kredit140117111550', '2009-05-15', '', 'Gaji untuk Bu Siti K.', 325000, 'kredit'),
('kredit140117111624', '2009-05-25', '', 'Gaji untuk Bu Windari', 25000, 'kredit'),
('kredit140117111650', '2009-05-15', '', 'Gaji untuk Bu yuliati', 125000, 'kredit'),
('kredit140117111829', '2009-06-12', '', 'Gaji untuk Bu Siti K.', 325000, 'kredit'),
('kredit140117111857', '2009-06-11', '', 'Gaji untuk Bu Windari', 25000, 'kredit'),
('kredit14011711188', '2009-06-14', '', 'Gaji untuk Bu Lilik R', 125000, 'kredit'),
('kredit140117112128', '2009-06-13', '', 'Gaji untuk Bu yuliati', 125000, 'kredit'),
('kredit140117112427', '2009-07-19', '', 'Gaji untuk Bu Lilik R', 150000, 'kredit'),
('kredit140117112455', '2009-07-19', '', 'Gaji untuk Bu Siti K.', 325000, 'kredit'),
('kredit140117112524', '2009-07-20', '', 'Gaji untuk Bu Windari', 50000, 'kredit'),
('kredit140117112558', '2009-07-24', '', 'Gaji untuk Bu yuliati', 150000, 'kredit'),
('kredit140117112747', '2009-08-17', '', 'Gaji untuk Bu Lilik R', 150000, 'kredit'),
('kredit140117112813', '2009-08-09', '', 'Gaji untuk Bu Siti K.', 325000, 'kredit'),
('kredit140117112843', '2009-08-15', '', 'Gaji untuk Bu Windari', 50000, 'kredit'),
('kredit140117112918', '2009-08-09', '', 'Gaji untuk Bu yuliati', 150000, 'kredit'),
('kredit140117112949', '2009-08-21', '', 'Gaji untuk Bu Tatik', 100000, 'kredit'),
('kredit140117113024', '2009-09-13', '', 'Gaji untuk Bu Lilik R', 150000, 'kredit'),
('kredit1401171131', '2009-03-15', '', 'Gaji untuk Bu Lilik R', 125000, 'kredit'),
('kredit14011711311', '2009-09-22', '', 'Gaji untuk Bu Siti K.', 325000, 'kredit'),
('kredit140117113143', '2009-09-21', '', 'Gaji untuk Bu Tatik', 100000, 'kredit'),
('kredit140117113221', '2009-09-22', '', 'Gaji untuk Bu Windari', 50000, 'kredit'),
('kredit140117113254', '2009-09-21', '', 'Gaji untuk Bu yuliati', 150000, 'kredit'),
('kredit140117113332', '2009-10-27', '', 'Gaji untuk Bu Lilik R', 150000, 'kredit'),
('kredit140117113354', '2009-10-14', '', 'Gaji untuk Bu Siti K.', 325000, 'kredit'),
('kredit14011711336', '2009-03-16', '', 'Gaji untuk Bu Siti K.', 325000, 'kredit'),
('kredit140117113424', '2009-10-11', '', 'Gaji untuk Bu Windari', 50000, 'kredit'),
('kredit140117113456', '2009-10-12', '', 'Gaji untuk Bu yuliati', 150000, 'kredit'),
('kredit140117113535', '2009-10-05', '', 'Gaji untuk Bu Tatik', 100000, 'kredit'),
('kredit140117113611', '2009-11-10', '', 'Gaji untuk Bu Lilik R', 150000, 'kredit'),
('kredit140117113636', '2009-11-18', '', 'Gaji untuk Bu Siti K.', 325000, 'kredit'),
('kredit140117113658', '2009-11-24', '', 'Gaji untuk Bu Tatik', 100000, 'kredit'),
('kredit140117113720', '2009-11-07', '', 'Gaji untuk Bu Windari', 50000, 'kredit'),
('kredit140117113751', '2009-11-17', '', 'Gaji untuk Bu yuliati', 150000, 'kredit'),
('kredit140117113923', '2009-12-15', '', 'Gaji untuk Bu Lilik R', 150000, 'kredit'),
('kredit140117113941', '2009-12-15', '', 'Gaji untuk Bu Siti K.', 325000, 'kredit'),
('kredit140117113957', '2009-12-20', '', 'Gaji untuk Bu Tatik', 100000, 'kredit'),
('kredit14011711429', '2009-03-18', '', 'Gaji untuk Bu Windari', 25000, 'kredit'),
('kredit140117114444', '2009-12-24', '', 'Gaji untuk Bu Windari', 50000, 'kredit'),
('kredit140117114518', '2009-12-17', '', 'Gaji untuk Bu yuliati', 150000, 'kredit'),
('kredit140117114558', '2010-01-19', '', 'Gaji untuk Bu Lilik R', 150000, 'kredit'),
('kredit140117114621', '2010-01-10', '', 'Gaji untuk Bu Siti K.', 325000, 'kredit'),
('kredit140117114637', '2010-01-10', '', 'Gaji untuk Bu Tatik', 100000, 'kredit'),
('kredit140117114710', '2010-01-19', '', 'Gaji untuk Bu Windari', 50000, 'kredit'),
('kredit140117114734', '2010-01-19', '', 'Gaji untuk Bu yuliati', 150000, 'kredit'),
('kredit140117114824', '2010-02-15', '', 'Gaji untuk Bu Lilik R', 150000, 'kredit'),
('kredit140117114842', '2010-02-17', '', 'Gaji untuk Bu Siti K.', 325000, 'kredit'),
('kredit140117114931', '2010-02-03', '', 'Gaji untuk Bu Windari', 50000, 'kredit'),
('kredit140117114954', '2010-02-17', '', 'Gaji untuk Bu yuliati', 150000, 'kredit'),
('kredit14011711498', '2010-02-10', '', 'Gaji untuk Bu Tatik', 100000, 'kredit'),
('kredit140117115040', '2010-03-16', '', 'Gaji untuk Bu Lilik R', 150000, 'kredit'),
('kredit140117115159', '2010-03-16', '', 'Gaji untuk Bu Siti K.', 325000, 'kredit'),
('kredit140117115223', '2010-03-11', '', 'Gaji untuk Bu Tatik', 100000, 'kredit'),
('kredit140117115253', '2010-03-21', '', 'Gaji untuk Bu Windari', 50000, 'kredit'),
('kredit14011711531', '2009-04-10', '', 'Gaji untuk Bu Lilik R', 125000, 'kredit'),
('kredit140117115317', '2010-03-24', '', 'Gaji untuk Bu yuliati', 150000, 'kredit'),
('kredit1401171154', '2009-03-21', '', 'Gaji untuk Bu yuliati', 125000, 'kredit'),
('kredit140117115416', '2010-04-18', '', 'Gaji untuk Bu Lilik R', 150000, 'kredit'),
('kredit14011711552', '2010-04-19', '', 'Gaji untuk Bu Siti K.', 325000, 'kredit'),
('kredit14011711553', '2009-04-19', '', 'Gaji untuk Bu Siti K.', 325000, 'kredit'),
('kredit140117115540', '2010-04-10', '', 'Gaji untuk Bu Tatik', 100000, 'kredit'),
('kredit140117115636', '2010-04-18', '', 'Gaji untuk Bu yuliati', 150000, 'kredit'),
('kredit14011711567', '2010-04-17', '', 'Gaji untuk Bu Windari', 50000, 'kredit'),
('kredit140117115734', '2010-05-16', '', 'Gaji untuk Bu Lilik R', 150000, 'kredit'),
('kredit140117115755', '2010-05-15', '', 'Gaji untuk Bu Siti K.', 325000, 'kredit'),
('kredit140117115830', '2010-05-24', '', 'Gaji untuk Bu Tatik', 100000, 'kredit'),
('kredit140117115856', '2010-05-08', '', 'Gaji untuk Bu Windari', 50000, 'kredit'),
('kredit14011711642', '2009-04-12', '', 'Gaji untuk Bu Windari', 25000, 'kredit'),
('kredit14011712056', '2010-05-16', '', 'Gaji untuk Bu yuliati', 150000, 'kredit'),
('kredit140117121015', '2010-08-16', '', 'Gaji untuk Bu yuliati', 175000, 'kredit'),
('kredit14011712128', '2010-06-12', '', 'Gaji untuk Bu Lilik R', 150000, 'kredit'),
('kredit14011712154', '2010-06-19', '', 'Gaji untuk Bu Siti K.', 325000, 'kredit'),
('kredit140117121754', '2010-09-23', '', 'Gaji untuk Bu Siti K.', 325000, 'kredit'),
('kredit140117121827', '2010-09-22', '', 'Gaji untuk Bu Tatik', 100000, 'kredit'),
('kredit140117121912', '2010-09-19', '', 'Gaji untuk Bu yuliati', 175000, 'kredit'),
('kredit140117121942', '2010-10-19', '', 'Gaji untuk Bu Siti K.', 325000, 'kredit'),
('kredit14011712218', '2010-06-22', '', 'Gaji untuk Bu Tatik', 100000, 'kredit'),
('kredit140117122245', '2010-10-20', '', 'Gaji untuk Bu Tatik', 100000, 'kredit'),
('kredit140117122313', '2010-10-06', '', 'Gaji untuk Bu yuliati', 175000, 'kredit'),
('kredit140117122338', '2010-11-17', '', 'Gaji untuk Bu Siti K.', 325000, 'kredit'),
('kredit14011712240', '2010-11-24', '', 'Gaji untuk Bu Tatik', 100000, 'kredit'),
('kredit140117122435', '2010-11-10', '', 'Gaji untuk Bu yuliati', 175000, 'kredit'),
('kredit14011712251', '2010-06-15', '', 'Gaji untuk Bu Windari', 50000, 'kredit'),
('kredit140117122548', '2010-12-14', '', 'Gaji untuk Bu Siti K.', 325000, 'kredit'),
('kredit140117122635', '2010-12-08', '', 'Gaji untuk Bu yuliati', 175000, 'kredit'),
('kredit14011712269', '2010-12-05', '', 'Gaji untuk Bu Tatik', 100000, 'kredit'),
('kredit140117122824', '2011-01-19', '', 'Gaji untuk Bu Tatik', 100000, 'kredit'),
('kredit14011712283', '2011-01-19', '', 'Gaji untuk Bu Siti K.', 325000, 'kredit'),
('kredit140117122853', '2011-01-17', '', 'Gaji untuk Bu yuliati', 175000, 'kredit'),
('kredit14011712320', '2010-06-12', '', 'Gaji untuk Bu yuliati', 150000, 'kredit'),
('kredit140117123248', '2011-02-09', '', 'Gaji untuk Bu Siti K.', 325000, 'kredit'),
('kredit14011712373', '2011-02-01', '', 'Gaji untuk Bu yuliati', 175000, 'kredit'),
('kredit140117124123', '2010-03-15', '', 'Gaji untuk Bu Tatik', 325000, 'kredit'),
('kredit14011712443', '2010-07-12', '', 'Gaji untuk Bu Siti K.', 325000, 'kredit'),
('kredit140117124824', '2011-03-09', '', 'Gaji untuk Bu yuliati', 175000, 'kredit'),
('kredit140117125141', '2011-02-22', '', 'Gaji untuk Bu Tatik', 100000, 'kredit'),
('kredit14011712523', '2010-07-19', '', 'Gaji untuk Bu yuliati', 175000, 'kredit'),
('kredit140117125450', '2011-03-08', '', 'Gaji untuk Bu Siti K.', 325000, 'kredit'),
('kredit140117125527', '2011-03-15', '', 'Gaji untuk Bu Tatik', 100000, 'kredit'),
('kredit140117125650', '2011-04-18', '', 'Gaji untuk Bu Siti K.', 325000, 'kredit'),
('kredit140117125814', '2011-04-12', '', 'Gaji untuk Bu Tatik', 100000, 'kredit'),
('kredit1401171266', '2010-07-10', '', 'Gaji untuk Bu Tatik', 100000, 'kredit'),
('kredit14011712729', '2010-08-15', '', 'Gaji untuk Bu Siti K.', 325000, 'kredit'),
('kredit14011712834', '2010-08-17', '', 'Gaji untuk Bu Tatik', 100000, 'kredit'),
('kredit14011713026', '2011-04-11', '', 'Gaji untuk Bu yuliati', 175000, 'kredit'),
('kredit14011713125', '2011-05-16', '', 'Gaji untuk Bu Siti K.', 325000, 'kredit'),
('kredit140117131343', '2011-07-12', '', 'Gaji untuk Bu Siti K.', 325000, 'kredit'),
('kredit140117131423', '2011-07-19', '', 'Gaji untuk Bu Tatik', 100000, 'kredit'),
('kredit14011713153', '2011-07-20', '', 'Gaji untuk Bu yuliati', 175000, 'kredit'),
('kredit140117131546', '2011-08-17', '', 'Gaji untuk Bu Siti K.', 325000, 'kredit'),
('kredit140117131644', '2011-08-17', '', 'Gaji untuk Bu Tatik', 100000, 'kredit'),
('kredit140117131748', '2011-08-24', '', 'Gaji untuk Bu yuliati', 175000, 'kredit'),
('kredit140117131837', '2011-09-22', '', 'Gaji untuk Bu Siti K.', 325000, 'kredit'),
('kredit140117132035', '2011-09-20', '', 'Gaji untuk Bu Tatik', 100000, 'kredit'),
('kredit140117132327', '2011-09-15', '', 'Gaji untuk Bu yuliati', 175000, 'kredit'),
('kredit140117132410', '2011-10-13', '', 'Gaji untuk Bu Siti K.', 325000, 'kredit'),
('kredit14011713248', '2011-05-16', '', 'Gaji untuk Bu yuliati', 175000, 'kredit'),
('kredit140117132542', '2011-10-13', '', 'Gaji untuk Bu Tatik', 100000, 'kredit'),
('kredit140117132629', '2011-10-13', '', 'Gaji untuk Bu yuliati', 175000, 'kredit'),
('kredit140117132734', '2011-11-17', '', 'Gaji untuk Bu Siti K.', 325000, 'kredit'),
('kredit140117132811', '2011-11-18', '', 'Gaji untuk Bu Tatik', 100000, 'kredit'),
('kredit140117132847', '2011-11-17', '', 'Gaji untuk Bu yuliati', 175000, 'kredit'),
('kredit1401171329', '2011-05-15', '', 'Gaji untuk Bu Tatik', 100000, 'kredit'),
('kredit14011713305', '2011-12-13', '', 'Gaji untuk Bu Siti K.', 325000, 'kredit'),
('kredit140117133133', '2011-12-08', '', 'Gaji untuk Bu Tatik', 100000, 'kredit'),
('kredit140117133250', '2011-12-08', '', 'Gaji untuk Bu yuliati', 175000, 'kredit'),
('kredit14011713427', '2011-06-12', '', 'Gaji untuk Bu Siti K.', 325000, 'kredit'),
('kredit1401171358', '2011-06-13', '', 'Gaji untuk Bu Tatik', 100000, 'kredit'),
('kredit1401171371', '2011-06-13', '', 'Gaji untuk Bu yuliati', 175000, 'kredit'),
('kredit14011732827', '2005-07-03', '', 'Gaji untuk Bu Lilik R', 250000, 'kredit'),
('kredit14011734450', '2005-07-02', '', 'Gaji untuk Bu Siti K.', 200000, 'kredit'),
('kredit14011734632', '2005-07-01', '', 'Gaji untuk Bu Windari', 50000, 'kredit'),
('kredit14011734726', '2006-06-03', '', 'Gaji untuk Bu Lilik R', 250000, 'kredit'),
('kredit14011734857', '2005-08-05', '', 'Gaji untuk Bu Lilik R', 250000, 'kredit'),
('kredit14011734925', '2005-08-05', '', 'Gaji untuk Bu Siti K.', 200000, 'kredit'),
('kredit14011734959', '2005-08-05', '', 'Gaji untuk Bu Windari', 50000, 'kredit'),
('kredit14011735043', '2005-09-02', '', 'Gaji untuk Bu Lilik R', 250000, 'kredit'),
('kredit14011735118', '2005-09-02', '', 'Gaji untuk Bu Siti K.', 200000, 'kredit'),
('kredit14011735153', '2005-09-02', '', 'Gaji untuk Bu Windari', 50000, 'kredit'),
('kredit1401173536', '2005-10-03', '', 'Gaji untuk Bu Lilik R', 250000, 'kredit'),
('kredit14011735433', '2005-10-03', '', 'Gaji untuk Bu Windari', 50000, 'kredit'),
('kredit1401173548', '2005-10-03', '', 'Gaji untuk Bu Siti K.', 200000, 'kredit'),
('kredit14011735555', '2005-11-04', '', 'Gaji untuk Bu Lilik R', 250000, 'kredit'),
('kredit14011735618', '2005-11-04', '', 'Gaji untuk Bu Siti K.', 200000, 'kredit'),
('kredit14011735639', '2005-11-04', '', 'Gaji untuk Bu Windari', 50000, 'kredit'),
('kredit14011735746', '2005-12-02', '', 'Gaji untuk Bu Lilik R', 250000, 'kredit'),
('kredit14011735831', '2005-12-02', '', 'Gaji untuk Bu Siti K.', 200000, 'kredit'),
('kredit1401174124', '2005-12-02', '', 'Gaji untuk Bu Windari', 50000, 'kredit'),
('kredit14011741422', '2006-05-05', '', 'Gaji untuk Bu Siti K.', 200000, 'kredit'),
('kredit14011741955', '2006-05-05', '', 'Gaji untuk Bu Windari', 50000, 'kredit'),
('kredit14011742023', '2006-06-03', '', 'Gaji untuk Bu Siti K.', 200000, 'kredit'),
('kredit140117422', '2006-01-06', '', 'Gaji untuk Bu Lilik R', 250000, 'kredit'),
('kredit1401174230', '2006-01-06', '', 'Gaji untuk Bu Siti K.', 200000, 'kredit'),
('kredit14011742510', '2006-06-03', '', 'Gaji untuk Bu Windari', 50000, 'kredit'),
('kredit1401174254', '2005-01-06', '', 'Gaji untuk Bu Windari', 50000, 'kredit'),
('kredit14011743047', '2006-07-01', '', 'Gaji untuk Bu Lilik R', 300000, 'kredit'),
('kredit1401174319', '2006-01-06', '', 'Gaji untuk Bu Windari', 50000, 'kredit'),
('kredit14011743254', '2006-07-01', '', 'Gaji untuk Bu Siti K.', 250000, 'kredit'),
('kredit14011743326', '2006-07-01', '', 'Gaji untuk Bu Windari', 75000, 'kredit'),
('kredit14011743413', '2006-08-05', '', 'Gaji untuk Bu Lilik R', 300000, 'kredit'),
('kredit14011743552', '2006-08-05', '', 'Gaji untuk Bu Siti K.', 250000, 'kredit'),
('kredit1401174357', '2006-02-03', '', 'Gaji untuk Bu Lilik R', 250000, 'kredit'),
('kredit14011743615', '2006-08-05', '', 'Gaji untuk Bu Windari', 75000, 'kredit'),
('kredit14011743647', '2006-09-02', '', 'Gaji untuk Bu Lilik R', 300000, 'kredit'),
('kredit1401174378', '2006-09-02', '', 'Gaji untuk Bu Siti K.', 250000, 'kredit'),
('kredit1401174426', '2006-02-03', '', 'Gaji untuk Bu Siti K.', 200000, 'kredit'),
('kredit1401174447', '2006-02-03', '', 'Gaji untuk Bu Windari', 50000, 'kredit'),
('kredit1401174517', '2006-03-03', '', 'Gaji untuk Bu Lilik R', 250000, 'kredit'),
('kredit1401174542', '2006-03-03', '', 'Gaji untuk Bu Siti K.', 200000, 'kredit'),
('kredit140117461', '2006-03-03', '', 'Gaji untuk Bu Windari', 50000, 'kredit'),
('kredit1401174645', '2006-04-07', '', 'Gaji untuk Bu Lilik R', 250000, 'kredit'),
('kredit1401174711', '2006-04-07', '', 'Gaji untuk Bu Siti K.', 200000, 'kredit'),
('kredit1401174750', '2006-04-07', '', 'Gaji untuk Bu Windari', 50000, 'kredit'),
('kredit1401174814', '2006-05-05', '', 'Gaji untuk Bu Lilik R', 250000, 'kredit'),
('kredit14011751329', '2006-09-02', '', 'Gaji untuk Bu Windari', 75000, 'kredit'),
('kredit14011751728', '2006-10-11', '', 'Gaji untuk Bu Lilik R', 300000, 'kredit'),
('kredit14011752112', '2006-10-04', '', 'Gaji untuk Bu Siti K.', 250000, 'kredit'),
('kredit14011752230', '2006-10-13', '', 'Gaji untuk Bu Windari', 75000, 'kredit'),
('kredit14011752329', '2006-11-11', '', 'Gaji untuk Bu Siti K.', 250000, 'kredit'),
('kredit1401175236', '2006-11-09', '', 'Gaji untuk Bu Lilik R', 300000, 'kredit'),
('kredit1401175255', '2006-11-10', '', 'Gaji untuk Bu Windari', 75000, 'kredit'),
('kredit14011752611', '2006-12-07', '', 'Gaji untuk Bu Lilik R', 300000, 'kredit'),
('kredit14011752750', '2006-12-14', '', 'Gaji untuk Bu Siti K.', 250000, 'kredit'),
('kredit14011752816', '2006-12-14', '', 'Gaji untuk Bu Windari', 75000, 'kredit'),
('kredit14011752937', '2007-01-03', '', 'Gaji untuk Bu Lilik R', 300000, 'kredit'),
('kredit14011752956', '2007-01-11', '', 'Gaji untuk Bu Siti K.', 250000, 'kredit'),
('kredit14011753056', '2007-01-03', '', 'Gaji untuk Bu Windari', 75000, 'kredit'),
('kredit14011753114', '2007-02-07', '', 'Gaji untuk Bu Lilik R', 300000, 'kredit'),
('kredit14011753136', '2007-02-07', '', 'Gaji untuk Bu Siti K.', 250000, 'kredit'),
('kredit14011753159', '2007-02-09', '', 'Gaji untuk Bu Windari', 75000, 'kredit'),
('kredit14011753226', '2007-03-07', '', 'Gaji untuk Bu Lilik R', 300000, 'kredit'),
('kredit14011753245', '2007-03-15', '', 'Gaji untuk Bu Siti K.', 250000, 'kredit'),
('kredit14011753345', '2007-04-03', '', 'Gaji untuk Bu Lilik R', 300000, 'kredit'),
('kredit14011753347', '2007-04-03', '', 'Gaji untuk Bu Lilik R', 300000, 'kredit'),
('kredit1401175336', '2007-03-15', '', 'Gaji untuk Bu Windari', 75000, 'kredit'),
('kredit14011753426', '2007-04-14', '', 'Gaji untuk Bu Windari', 75000, 'kredit'),
('kredit14011753449', '2007-05-10', '', 'Gaji untuk Bu Lilik R', 300000, 'kredit'),
('kredit1401175347', '2007-04-12', '', 'Gaji untuk Bu Siti K.', 250000, 'kredit'),
('kredit14011753511', '2007-05-11', '', 'Gaji untuk Bu Siti K.', 250000, 'kredit'),
('kredit14011753533', '2007-05-19', '', 'Gaji untuk Bu Windari', 75000, 'kredit'),
('kredit14011753653', '2007-06-07', '', 'Gaji untuk Bu Lilik R', 300000, 'kredit'),
('kredit14011753713', '2007-06-07', '', 'Gaji untuk Bu Siti K.', 250000, 'kredit'),
('kredit14011753859', '2007-06-16', '', 'Gaji untuk Bu Windari', 75000, 'kredit'),
('kredit14011753929', '2007-07-12', '', 'Gaji untuk Bu Windari', 75000, 'kredit'),
('kredit14011754215', '2007-07-05', '', 'Gaji untuk Bu Lilik R', 300000, 'kredit'),
('kredit14011754348', '2007-07-13', '', 'Gaji untuk Bu Siti K.', 250000, 'kredit'),
('kredit14011754441', '2007-08-09', '', 'Gaji untuk Bu Lilik R', 300000, 'kredit'),
('kredit14011754525', '2007-08-02', '', 'Gaji untuk Bu Windari', 75000, 'kredit'),
('kredit1401175453', '2007-08-03', '', 'Gaji untuk Bu Siti K.', 250000, 'kredit'),
('kredit14011754635', '2007-09-13', '', 'Gaji untuk Bu Lilik R', 300000, 'kredit'),
('kredit14011754642', '2007-09-13', '', 'Gaji untuk Bu Lilik R', 300000, 'kredit'),
('kredit14011754733', '2007-09-08', '', 'Gaji untuk Bu Windari', 75000, 'kredit'),
('kredit1401175478', '2007-09-08', '', 'Gaji untuk Bu Siti K.', 250000, 'kredit'),
('kredit1401175480', '2007-10-12', '', 'Gaji untuk Bu Lilik R', 300000, 'kredit'),
('kredit14011754835', '2007-10-12', '', 'Gaji untuk Bu Siti K.', 250000, 'kredit'),
('kredit1401175492', '2007-10-11', '', 'Gaji untuk Bu Windari', 75000, 'kredit'),
('kredit14011755134', '2007-11-09', '', 'Gaji untuk Bu Lilik R', 250000, 'kredit'),
('kredit14011755258', '2007-11-09', '', 'Gaji untuk Bu Windari', 50000, 'kredit'),
('kredit1401175529', '2007-11-09', '', 'Gaji untuk Bu Siti K.', 200000, 'kredit'),
('kredit14011755338', '2007-11-22', '', 'Gaji untuk Bu yuliati', 75000, 'kredit'),
('kredit14011771048', '2008-01-19', '', 'Gaji untuk Bu Siti K.', 200000, 'kredit'),
('kredit14011771144', '2008-01-10', '', 'Gaji untuk Bu Windari', 50000, 'kredit'),
('kredit14011771225', '2008-01-05', '', 'Gaji untuk Bu yuliati', 75000, 'kredit'),
('kredit14011771341', '2008-02-08', '', 'Gaji untuk Bu Lilik R', 250000, 'kredit'),
('kredit1401177143', '2008-02-03', '', 'Gaji untuk Bu Siti K.', 200000, 'kredit'),
('kredit14011771453', '2008-02-07', '', 'Gaji untuk Bu Windari', 50000, 'kredit'),
('kredit14011771534', '2008-02-15', '', 'Gaji untuk Bu yuliati', 75000, 'kredit'),
('kredit1401177184', '2008-03-13', '', 'Gaji untuk Bu Lilik R', 250000, 'kredit'),
('kredit14011771846', '2008-03-14', '', 'Gaji untuk Bu Siti K.', 200000, 'kredit'),
('kredit14011772136', '2008-03-15', '', 'Gaji untuk Bu Windari', 50000, 'kredit'),
('kredit14011772156', '2008-03-20', '', 'Gaji untuk Bu yuliati', 75000, 'kredit'),
('kredit14011772224', '2008-04-12', '', 'Gaji untuk Bu Lilik R', 250000, 'kredit'),
('kredit14011772343', '2008-04-13', '', 'Gaji untuk Bu Windari', 50000, 'kredit'),
('kredit1401177237', '2008-04-12', '', 'Gaji untuk Bu Siti K.', 200000, 'kredit'),
('kredit1401177248', '2008-04-19', '', 'Gaji untuk Bu yuliati', 75000, 'kredit'),
('kredit1401177259', '2008-05-09', '', 'Gaji untuk Bu Lilik R', 250000, 'kredit'),
('kredit14011772739', '2008-05-10', '', 'Gaji untuk Bu Siti K.', 200000, 'kredit'),
('kredit1401177283', '2008-05-11', '', 'Gaji untuk Bu Windari', 50000, 'kredit'),
('kredit14011772855', '2008-05-16', '', 'Gaji untuk Bu yuliati', 75000, 'kredit'),
('kredit14011772947', '2008-06-15', '', 'Gaji untuk Bu Lilik R', 250000, 'kredit'),
('kredit14011773055', '2008-06-07', '', 'Gaji untuk Bu Windari', 50000, 'kredit'),
('kredit1401177308', '2008-06-07', '', 'Gaji untuk Bu Siti K.', 200000, 'kredit'),
('kredit14011773147', '2008-06-15', '', 'Gaji untuk Bu yuliati', 75000, 'kredit'),
('kredit14011773255', '2008-07-13', '', 'Gaji untuk Bu Lilik R', 250000, 'kredit'),
('kredit14011773329', '2008-07-13', '', 'Gaji untuk Bu Siti K.', 200000, 'kredit'),
('kredit14011773643', '2008-07-10', '', 'Gaji untuk Bu yuliati', 75000, 'kredit'),
('kredit14011775034', '2008-07-13', '', 'Gaji untuk Bu Windari', 25000, 'kredit'),
('kredit14011775148', '2008-08-17', '', 'Gaji untuk Bu Lilik R', 250000, 'kredit'),
('kredit14011775219', '2008-08-25', '', 'Gaji untuk Bu Siti K.', 200000, 'kredit'),
('kredit14011775251', '2008-08-14', '', 'Gaji untuk Bu Windari', 25000, 'kredit'),
('kredit1401177530', '2007-12-14', '', 'Gaji untuk Bu Lilik R', 250000, 'kredit'),
('kredit14011775315', '2008-08-14', '', 'Gaji untuk Bu yuliati', 75000, 'kredit'),
('kredit14011775450', '2008-09-04', '', 'Gaji untuk Bu Lilik R', 250000, 'kredit'),
('kredit14011775514', '2008-09-25', '', 'Gaji untuk Bu Siti K.', 200000, 'kredit'),
('kredit14011775622', '2008-09-21', '', 'Gaji untuk Bu Windari', 25000, 'kredit'),
('kredit1401177577', '2008-09-06', '', 'Gaji untuk Bu yuliati', 75000, 'kredit'),
('kredit1401177581', '2008-10-13', '', 'Gaji untuk Bu Lilik R', 250000, 'kredit'),
('kredit14011775911', '2008-10-07', '', 'Gaji untuk Bu Siti K.', 200000, 'kredit'),
('kredit14011775955', '2008-10-10', '', 'Gaji untuk Bu Windari', 25000, 'kredit'),
('kredit140117763', '2007-12-13', '', 'Gaji untuk Bu Siti K.', 200000, 'kredit'),
('kredit1401177736', '2007-12-08', '', 'Gaji untuk Bu Windari', 50000, 'kredit'),
('kredit1401177825', '2007-12-12', '', 'Gaji untuk Bu yuliati', 75000, 'kredit'),
('kredit1401177939', '2008-01-11', '', 'Gaji untuk Bu Lilik R', 250000, 'kredit'),
('kredit1401178032', '2008-10-07', '', 'Gaji untuk Bu yuliati', 75000, 'kredit'),
('kredit140117840', '2008-11-08', '', 'Gaji untuk Bu Lilik R', 250000, 'kredit'),
('kredit1401178422', '2008-11-16', '', 'Gaji untuk Bu Siti K.', 200000, 'kredit'),
('kredit1401178442', '2008-11-13', '', 'Gaji untuk Bu Windari', 25000, 'kredit'),
('kredit1401178532', '2008-12-08', '', 'Gaji untuk Bu Lilik R', 125000, 'kredit'),
('kredit140117854', '2008-11-17', '', 'Gaji untuk Bu yuliati', 75000, 'kredit'),
('kredit140117860', '2008-12-21', '', 'Gaji untuk Bu Siti K.', 325000, 'kredit'),
('kredit1401178624', '2008-12-12', '', 'Gaji untuk Bu Windari', 25000, 'kredit'),
('kredit140117878', '2008-12-14', '', 'Gaji untuk Bu yuliati', 125000, 'kredit'),
('kredit25011755148', '2012-01-06', '', 'Gaji untuk Bu Siti K.', 325000, 'kredit');

-- --------------------------------------------------------

--
-- Table structure for table `gaji`
--

CREATE TABLE IF NOT EXISTS `gaji` (
  `guru` varchar(20) NOT NULL,
  `trans` varchar(20) NOT NULL,
  `bulan` varchar(20) NOT NULL,
  `t` varchar(15) NOT NULL,
  KEY `guru` (`guru`),
  KEY `trans` (`trans`)
) ENGINE=InnoDB DEFAULT CHARSET=utf8;

--
-- Dumping data for table `gaji`
--

INSERT INTO `gaji` (`guru`, `trans`, `bulan`, `t`) VALUES
('Bu Lilik R', 'kredit14011732827', 'JULY', '2005/2006'),
('Bu Siti K.', 'kredit14011734450', 'JULY', '2005/2006'),
('Bu Windari', 'kredit14011734632', 'JULY', '2005/2006'),
('Bu Lilik R', 'kredit14011734726', 'JUNE', '2005/2006'),
('Bu Lilik R', 'kredit14011734857', 'AUGUST', '2005/2006'),
('Bu Siti K.', 'kredit14011734925', 'AUGUST', '2005/2006'),
('Bu Windari', 'kredit14011734959', 'AUGUST', '2005/2006'),
('Bu Lilik R', 'kredit14011735043', 'SEPTEMBER', '2005/2006'),
('Bu Siti K.', 'kredit14011735118', 'SEPTEMBER', '2005/2006'),
('Bu Windari', 'kredit14011735153', 'SEPTEMBER', '2005/2006'),
('Bu Lilik R', 'kredit1401173536', 'OCTOBER', '2005/2006'),
('Bu Siti K.', 'kredit1401173548', 'OCTOBER', '2005/2006'),
('Bu Windari', 'kredit14011735433', 'OCTOBER', '2005/2006'),
('Bu Lilik R', 'kredit14011735555', 'NOVEMBER', '2005/2006'),
('Bu Siti K.', 'kredit14011735618', 'NOVEMBER', '2005/2006'),
('Bu Windari', 'kredit14011735639', 'NOVEMBER', '2005/2006'),
('Bu Lilik R', 'kredit14011735746', 'DECEMBER', '2005/2006'),
('Bu Siti K.', 'kredit14011735831', 'DECEMBER', '2005/2006'),
('Bu Windari', 'kredit1401174124', 'DECEMBER', '2005/2006'),
('Bu Lilik R', 'kredit140117422', 'JANUARY', '2005/2006'),
('Bu Siti K.', 'kredit1401174230', 'JANUARY', '2005/2006'),
('Bu Windari', 'kredit1401174254', 'JANUARY', '2004/2005'),
('Bu Windari', 'kredit1401174319', 'JANUARY', '2005/2006'),
('Bu Lilik R', 'kredit1401174357', 'FEBRUARY', '2005/2006'),
('Bu Siti K.', 'kredit1401174426', 'FEBRUARY', '2005/2006'),
('Bu Windari', 'kredit1401174447', 'FEBRUARY', '2005/2006'),
('Bu Lilik R', 'kredit1401174517', 'MARCH', '2005/2006'),
('Bu Siti K.', 'kredit1401174542', 'MARCH', '2005/2006'),
('Bu Windari', 'kredit140117461', 'MARCH', '2005/2006'),
('Bu Lilik R', 'kredit1401174645', 'APRIL', '2005/2006'),
('Bu Siti K.', 'kredit1401174711', 'APRIL', '2005/2006'),
('Bu Windari', 'kredit1401174750', 'APRIL', '2005/2006'),
('Bu Lilik R', 'kredit1401174814', 'MAY', '2005/2006'),
('Bu Siti K.', 'kredit14011741422', 'MAY', '2005/2006'),
('Bu Windari', 'kredit14011741955', 'MAY', '2005/2006'),
('Bu Siti K.', 'kredit14011742023', 'JUNE', '2005/2006'),
('Bu Windari', 'kredit14011742510', 'JUNE', '2005/2006'),
('Bu Lilik R', 'kredit14011743047', 'JULY', '2006/2007'),
('Bu Siti K.', 'kredit14011743254', 'JULY', '2006/2007'),
('Bu Windari', 'kredit14011743326', 'JULY', '2006/2007'),
('Bu Lilik R', 'kredit14011743413', 'AUGUST', '2006/2007'),
('Bu Siti K.', 'kredit14011743552', 'AUGUST', '2006/2007'),
('Bu Windari', 'kredit14011743615', 'AUGUST', '2006/2007'),
('Bu Lilik R', 'kredit14011743647', 'SEPTEMBER', '2006/2007'),
('Bu Siti K.', 'kredit1401174378', 'SEPTEMBER', '2006/2007'),
('Bu Windari', 'kredit14011751329', 'SEPTEMBER', '2006/2007'),
('Bu Lilik R', 'kredit14011751728', 'OCTOBER', '2006/2007'),
('Bu Siti K.', 'kredit14011752112', 'OCTOBER', '2006/2007'),
('Bu Windari', 'kredit14011752230', 'OCTOBER', '2006/2007'),
('Bu Lilik R', 'kredit1401175236', 'NOVEMBER', '2006/2007'),
('Bu Siti K.', 'kredit14011752329', 'NOVEMBER', '2006/2007'),
('Bu Windari', 'kredit1401175255', 'NOVEMBER', '2006/2007'),
('Bu Lilik R', 'kredit14011752611', 'DECEMBER', '2006/2007'),
('Bu Siti K.', 'kredit14011752750', 'DECEMBER', '2006/2007'),
('Bu Windari', 'kredit14011752816', 'DECEMBER', '2006/2007'),
('Bu Lilik R', 'kredit14011752937', 'JANUARY', '2006/2007'),
('Bu Siti K.', 'kredit14011752956', 'JANUARY', '2006/2007'),
('Bu Windari', 'kredit14011753056', 'JANUARY', '2006/2007'),
('Bu Lilik R', 'kredit14011753114', 'FEBRUARY', '2006/2007'),
('Bu Siti K.', 'kredit14011753136', 'FEBRUARY', '2006/2007'),
('Bu Windari', 'kredit14011753159', 'FEBRUARY', '2006/2007'),
('Bu Lilik R', 'kredit14011753226', 'MARCH', '2006/2007'),
('Bu Siti K.', 'kredit14011753245', 'MARCH', '2006/2007'),
('Bu Windari', 'kredit1401175336', 'MARCH', '2006/2007'),
('Bu Lilik R', 'kredit14011753345', 'APRIL', '2006/2007'),
('Bu Lilik R', 'kredit14011753347', 'APRIL', '2006/2007'),
('Bu Siti K.', 'kredit1401175347', 'APRIL', '2006/2007'),
('Bu Windari', 'kredit14011753426', 'APRIL', '2006/2007'),
('Bu Lilik R', 'kredit14011753449', 'MAY', '2006/2007'),
('Bu Siti K.', 'kredit14011753511', 'MAY', '2006/2007'),
('Bu Windari', 'kredit14011753533', 'MAY', '2006/2007'),
('Bu Lilik R', 'kredit14011753653', 'JUNE', '2006/2007'),
('Bu Siti K.', 'kredit14011753713', 'JUNE', '2006/2007'),
('Bu Windari', 'kredit14011753859', 'JUNE', '2006/2007'),
('Bu Windari', 'kredit14011753929', 'JULY', '2007/2008'),
('Bu Lilik R', 'kredit14011754215', 'JULY', '2007/2008'),
('Bu Siti K.', 'kredit14011754348', 'JULY', '2007/2008'),
('Bu Lilik R', 'kredit14011754441', 'AUGUST', '2007/2008'),
('Bu Siti K.', 'kredit1401175453', 'AUGUST', '2007/2008'),
('Bu Windari', 'kredit14011754525', 'AUGUST', '2007/2008'),
('Bu Lilik R', 'kredit14011754635', 'SEPTEMBER', '2007/2008'),
('Bu Lilik R', 'kredit14011754642', 'SEPTEMBER', '2007/2008'),
('Bu Siti K.', 'kredit1401175478', 'SEPTEMBER', '2007/2008'),
('Bu Windari', 'kredit14011754733', 'SEPTEMBER', '2007/2008'),
('Bu Lilik R', 'kredit1401175480', 'OCTOBER', '2007/2008'),
('Bu Siti K.', 'kredit14011754835', 'OCTOBER', '2007/2008'),
('Bu Windari', 'kredit1401175492', 'OCTOBER', '2007/2008'),
('Bu Lilik R', 'kredit14011755134', 'NOVEMBER', '2007/2008'),
('Bu Siti K.', 'kredit1401175529', 'NOVEMBER', '2007/2008'),
('Bu Windari', 'kredit14011755258', 'NOVEMBER', '2007/2008'),
('Bu yuliati', 'kredit14011755338', 'NOVEMBER', '2007/2008'),
('Bu Lilik R', 'kredit1401177530', 'DECEMBER', '2007/2008'),
('Bu Siti K.', 'kredit140117763', 'DECEMBER', '2007/2008'),
('Bu Windari', 'kredit1401177736', 'DECEMBER', '2007/2008'),
('Bu yuliati', 'kredit1401177825', 'DECEMBER', '2007/2008'),
('Bu Lilik R', 'kredit1401177939', 'JANUARY', '2007/2008'),
('Bu Siti K.', 'kredit14011771048', 'JANUARY', '2007/2008'),
('Bu Windari', 'kredit14011771144', 'JANUARY', '2007/2008'),
('Bu yuliati', 'kredit14011771225', 'JANUARY', '2007/2008'),
('Bu Lilik R', 'kredit14011771341', 'FEBRUARY', '2007/2008'),
('Bu Siti K.', 'kredit1401177143', 'FEBRUARY', '2007/2008'),
('Bu Windari', 'kredit14011771453', 'FEBRUARY', '2007/2008'),
('Bu yuliati', 'kredit14011771534', 'FEBRUARY', '2007/2008'),
('Bu Lilik R', 'kredit1401177184', 'MARCH', '2007/2008'),
('Bu Siti K.', 'kredit14011771846', 'MARCH', '2007/2008'),
('Bu Windari', 'kredit14011772136', 'MARCH', '2007/2008'),
('Bu yuliati', 'kredit14011772156', 'MARCH', '2007/2008'),
('Bu Lilik R', 'kredit14011772224', 'APRIL', '2007/2008'),
('Bu Siti K.', 'kredit1401177237', 'APRIL', '2007/2008'),
('Bu Windari', 'kredit14011772343', 'APRIL', '2007/2008'),
('Bu yuliati', 'kredit1401177248', 'APRIL', '2007/2008'),
('Bu Lilik R', 'kredit1401177259', 'MAY', '2007/2008'),
('Bu Siti K.', 'kredit14011772739', 'MAY', '2007/2008'),
('Bu Windari', 'kredit1401177283', 'MAY', '2007/2008'),
('Bu yuliati', 'kredit14011772855', 'MAY', '2007/2008'),
('Bu Lilik R', 'kredit14011772947', 'JUNE', '2007/2008'),
('Bu Siti K.', 'kredit1401177308', 'JUNE', '2007/2008'),
('Bu Windari', 'kredit14011773055', 'JUNE', '2007/2008'),
('Bu yuliati', 'kredit14011773147', 'JUNE', '2007/2008'),
('Bu Lilik R', 'kredit14011773255', 'JULY', '2008/2009'),
('Bu Siti K.', 'kredit14011773329', 'JULY', '2008/2009'),
('Bu yuliati', 'kredit14011773643', 'JULY', '2008/2009'),
('Bu Windari', 'kredit14011775034', 'JULY', '2008/2009'),
('Bu Lilik R', 'kredit14011775148', 'AUGUST', '2008/2009'),
('Bu Siti K.', 'kredit14011775219', 'AUGUST', '2008/2009'),
('Bu Windari', 'kredit14011775251', 'AUGUST', '2008/2009'),
('Bu yuliati', 'kredit14011775315', 'AUGUST', '2008/2009'),
('Bu Lilik R', 'kredit14011775450', 'SEPTEMBER', '2008/2009'),
('Bu Siti K.', 'kredit14011775514', 'SEPTEMBER', '2008/2009'),
('Bu Windari', 'kredit14011775622', 'SEPTEMBER', '2008/2009'),
('Bu yuliati', 'kredit1401177577', 'SEPTEMBER', '2008/2009'),
('Bu Lilik R', 'kredit1401177581', 'OCTOBER', '2008/2009'),
('Bu Siti K.', 'kredit14011775911', 'OCTOBER', '2008/2009'),
('Bu Windari', 'kredit14011775955', 'OCTOBER', '2008/2009'),
('Bu yuliati', 'kredit1401178032', 'OCTOBER', '2008/2009'),
('Bu Lilik R', 'kredit140117840', 'NOVEMBER', '2008/2009'),
('Bu Siti K.', 'kredit1401178422', 'NOVEMBER', '2008/2009'),
('Bu Windari', 'kredit1401178442', 'NOVEMBER', '2008/2009'),
('Bu yuliati', 'kredit140117854', 'NOVEMBER', '2008/2009'),
('Bu Lilik R', 'kredit1401178532', 'DECEMBER', '2008/2009'),
('Bu Siti K.', 'kredit140117860', 'DECEMBER', '2008/2009'),
('Bu Windari', 'kredit1401178624', 'DECEMBER', '2008/2009'),
('Bu yuliati', 'kredit140117878', 'DECEMBER', '2008/2009'),
('Bu Lilik R', 'kredit140117105755', 'JANUARY', '2008/2009'),
('Bu Siti K.', 'kredit140117105827', 'JANUARY', '2008/2009'),
('Bu Windari', 'kredit140117105845', 'JANUARY', '2008/2009'),
('Bu yuliati', 'kredit140117105923', 'JANUARY', '2008/2009'),
('Bu Lilik R', 'kredit1401171104', 'FEBRUARY', '2008/2009'),
('Bu Siti K.', 'kredit14011711051', 'FEBRUARY', '2008/2009'),
('Bu Windari', 'kredit14011711119', 'FEBRUARY', '2008/2009'),
('Bu yuliati', 'kredit14011711148', 'FEBRUARY', '2008/2009'),
('Bu Lilik R', 'kredit1401171131', 'MARCH', '2008/2009'),
('Bu Siti K.', 'kredit14011711336', 'MARCH', '2008/2009'),
('Bu Windari', 'kredit14011711429', 'MARCH', '2008/2009'),
('Bu yuliati', 'kredit1401171154', 'MARCH', '2008/2009'),
('Bu Lilik R', 'kredit14011711531', 'APRIL', '2008/2009'),
('Bu Siti K.', 'kredit14011711553', 'APRIL', '2008/2009'),
('Bu Windari', 'kredit14011711642', 'APRIL', '2008/2009'),
('Bu yuliati', 'kredit140117111328', 'APRIL', '2008/2009'),
('Bu Lilik R', 'kredit140117111521', 'MAY', '2008/2009'),
('Bu Siti K.', 'kredit140117111550', 'MAY', '2008/2009'),
('Bu Windari', 'kredit140117111624', 'MAY', '2008/2009'),
('Bu yuliati', 'kredit140117111650', 'MAY', '2008/2009'),
('Bu Lilik R', 'kredit14011711188', 'JUNE', '2008/2009'),
('Bu Siti K.', 'kredit140117111829', 'JUNE', '2008/2009'),
('Bu Windari', 'kredit140117111857', 'JUNE', '2008/2009'),
('Bu yuliati', 'kredit140117112128', 'JUNE', '2008/2009'),
('Bu Lilik R', 'kredit140117112427', 'JULY', '2009/2010'),
('Bu Siti K.', 'kredit140117112455', 'JULY', '2009/2010'),
('Bu Windari', 'kredit140117112524', 'JULY', '2009/2010'),
('Bu yuliati', 'kredit140117112558', 'JULY', '2009/2010'),
('Bu Lilik R', 'kredit140117112747', 'AUGUST', '2009/2010'),
('Bu Siti K.', 'kredit140117112813', 'AUGUST', '2009/2010'),
('Bu Windari', 'kredit140117112843', 'AUGUST', '2009/2010'),
('Bu yuliati', 'kredit140117112918', 'AUGUST', '2009/2010'),
('Bu Tatik', 'kredit140117112949', 'AUGUST', '2009/2010'),
('Bu Lilik R', 'kredit140117113024', 'SEPTEMBER', '2009/2010'),
('Bu Siti K.', 'kredit14011711311', 'SEPTEMBER', '2009/2010'),
('Bu Tatik', 'kredit140117113143', 'SEPTEMBER', '2009/2010'),
('Bu Windari', 'kredit140117113221', 'SEPTEMBER', '2009/2010'),
('Bu yuliati', 'kredit140117113254', 'SEPTEMBER', '2009/2010'),
('Bu Lilik R', 'kredit140117113332', 'OCTOBER', '2009/2010'),
('Bu Siti K.', 'kredit140117113354', 'OCTOBER', '2009/2010'),
('Bu Windari', 'kredit140117113424', 'OCTOBER', '2009/2010'),
('Bu yuliati', 'kredit140117113456', 'OCTOBER', '2009/2010'),
('Bu Tatik', 'kredit140117113535', 'OCTOBER', '2009/2010'),
('Bu Lilik R', 'kredit140117113611', 'NOVEMBER', '2009/2010'),
('Bu Siti K.', 'kredit140117113636', 'NOVEMBER', '2009/2010'),
('Bu Tatik', 'kredit140117113658', 'NOVEMBER', '2009/2010'),
('Bu Windari', 'kredit140117113720', 'NOVEMBER', '2009/2010'),
('Bu yuliati', 'kredit140117113751', 'NOVEMBER', '2009/2010'),
('Bu Lilik R', 'kredit140117113923', 'DECEMBER', '2009/2010'),
('Bu Siti K.', 'kredit140117113941', 'DECEMBER', '2009/2010'),
('Bu Tatik', 'kredit140117113957', 'DECEMBER', '2009/2010'),
('Bu Windari', 'kredit140117114444', 'DECEMBER', '2009/2010'),
('Bu yuliati', 'kredit140117114518', 'DECEMBER', '2009/2010'),
('Bu Lilik R', 'kredit140117114558', 'JANUARY', '2009/2010'),
('Bu Siti K.', 'kredit140117114621', 'JANUARY', '2009/2010'),
('Bu Tatik', 'kredit140117114637', 'JANUARY', '2009/2010'),
('Bu Windari', 'kredit140117114710', 'JANUARY', '2009/2010'),
('Bu yuliati', 'kredit140117114734', 'JANUARY', '2009/2010'),
('Bu Lilik R', 'kredit140117114824', 'FEBRUARY', '2009/2010'),
('Bu Siti K.', 'kredit140117114842', 'FEBRUARY', '2009/2010'),
('Bu Tatik', 'kredit14011711498', 'FEBRUARY', '2009/2010'),
('Bu Windari', 'kredit140117114931', 'FEBRUARY', '2009/2010'),
('Bu yuliati', 'kredit140117114954', 'FEBRUARY', '2009/2010'),
('Bu Lilik R', 'kredit140117115040', 'MARCH', '2009/2010'),
('Bu Siti K.', 'kredit140117115159', 'MARCH', '2009/2010'),
('Bu Tatik', 'kredit140117115223', 'MARCH', '2009/2010'),
('Bu Windari', 'kredit140117115253', 'MARCH', '2009/2010'),
('Bu yuliati', 'kredit140117115317', 'MARCH', '2009/2010'),
('Bu Lilik R', 'kredit140117115416', 'APRIL', '2009/2010'),
('Bu Siti K.', 'kredit14011711552', 'APRIL', '2009/2010'),
('Bu Tatik', 'kredit140117115540', 'APRIL', '2009/2010'),
('Bu Windari', 'kredit14011711567', 'APRIL', '2009/2010'),
('Bu yuliati', 'kredit140117115636', 'APRIL', '2009/2010'),
('Bu Lilik R', 'kredit140117115734', 'MAY', '2009/2010'),
('Bu Siti K.', 'kredit140117115755', 'MAY', '2009/2010'),
('Bu Tatik', 'kredit140117115830', 'MAY', '2009/2010'),
('Bu Windari', 'kredit140117115856', 'MAY', '2009/2010'),
('Bu yuliati', 'kredit14011712056', 'MAY', '2009/2010'),
('Bu Lilik R', 'kredit14011712128', 'JUNE', '2009/2010'),
('Bu Siti K.', 'kredit14011712154', 'JUNE', '2009/2010'),
('Bu Tatik', 'kredit14011712218', 'JUNE', '2009/2010'),
('Bu Windari', 'kredit14011712251', 'JUNE', '2009/2010'),
('Bu yuliati', 'kredit14011712320', 'JUNE', '2009/2010'),
('Bu Siti K.', 'kredit14011712443', 'JULY', '2010/2011'),
('Bu yuliati', 'kredit14011712523', 'JULY', '2010/2011'),
('Bu Tatik', 'kredit1401171266', 'JULY', '2010/2011'),
('Bu Siti K.', 'kredit14011712729', 'AUGUST', '2010/2011'),
('Bu Tatik', 'kredit14011712834', 'AUGUST', '2010/2011'),
('Bu yuliati', 'kredit140117121015', 'AUGUST', '2010/2011'),
('Bu Siti K.', 'kredit140117121754', 'SEPTEMBER', '2010/2011'),
('Bu Tatik', 'kredit140117121827', 'SEPTEMBER', '2010/2011'),
('Bu yuliati', 'kredit140117121912', 'SEPTEMBER', '2010/2011'),
('Bu Siti K.', 'kredit140117121942', 'OCTOBER', '2010/2011'),
('Bu Tatik', 'kredit140117122245', 'OCTOBER', '2010/2011'),
('Bu yuliati', 'kredit140117122313', 'OCTOBER', '2010/2011'),
('Bu Siti K.', 'kredit140117122338', 'NOVEMBER', '2010/2011'),
('Bu Tatik', 'kredit14011712240', 'NOVEMBER', '2010/2011'),
('Bu yuliati', 'kredit140117122435', 'NOVEMBER', '2010/2011'),
('Bu Siti K.', 'kredit140117122548', 'DECEMBER', '2010/2011'),
('Bu Tatik', 'kredit14011712269', 'DECEMBER', '2010/2011'),
('Bu yuliati', 'kredit140117122635', 'DECEMBER', '2010/2011'),
('Bu Siti K.', 'kredit14011712283', 'JANUARY', '2010/2011'),
('Bu Tatik', 'kredit140117122824', 'JANUARY', '2010/2011'),
('Bu yuliati', 'kredit140117122853', 'JANUARY', '2010/2011'),
('Bu Siti K.', 'kredit140117123248', 'FEBRUARY', '2010/2011'),
('Bu yuliati', 'kredit14011712373', 'FEBRUARY', '2010/2011'),
('Bu Tatik', 'kredit140117124123', 'MARCH', '2009/2010'),
('Bu yuliati', 'kredit140117124824', 'MARCH', '2010/2011'),
('Bu Tatik', 'kredit140117125141', 'FEBRUARY', '2010/2011'),
('Bu Siti K.', 'kredit140117125450', 'MARCH', '2010/2011'),
('Bu Tatik', 'kredit140117125527', 'MARCH', '2010/2011'),
('Bu Siti K.', 'kredit140117125650', 'APRIL', '2010/2011'),
('Bu Tatik', 'kredit140117125814', 'APRIL', '2010/2011'),
('Bu yuliati', 'kredit14011713026', 'APRIL', '2010/2011'),
('Bu Siti K.', 'kredit14011713125', 'MAY', '2010/2011'),
('Bu Tatik', 'kredit1401171329', 'MAY', '2010/2011'),
('Bu yuliati', 'kredit14011713248', 'MAY', '2010/2011'),
('Bu Siti K.', 'kredit14011713427', 'JUNE', '2010/2011'),
('Bu Tatik', 'kredit1401171358', 'JUNE', '2010/2011'),
('Bu yuliati', 'kredit1401171371', 'JUNE', '2010/2011'),
('Bu Siti K.', 'kredit140117131343', 'JULY', '2011/2012'),
('Bu Tatik', 'kredit140117131423', 'JULY', '2011/2012'),
('Bu yuliati', 'kredit14011713153', 'JULY', '2011/2012'),
('Bu Siti K.', 'kredit140117131546', 'AUGUST', '2011/2012'),
('Bu Tatik', 'kredit140117131644', 'AUGUST', '2011/2012'),
('Bu yuliati', 'kredit140117131748', 'AUGUST', '2011/2012'),
('Bu Siti K.', 'kredit140117131837', 'SEPTEMBER', '2011/2012'),
('Bu Tatik', 'kredit140117132035', 'SEPTEMBER', '2011/2012'),
('Bu yuliati', 'kredit140117132327', 'SEPTEMBER', '2011/2012'),
('Bu Siti K.', 'kredit140117132410', 'OCTOBER', '2011/2012'),
('Bu Tatik', 'kredit140117132542', 'OCTOBER', '2011/2012'),
('Bu yuliati', 'kredit140117132629', 'OCTOBER', '2011/2012'),
('Bu Siti K.', 'kredit140117132734', 'NOVEMBER', '2011/2012'),
('Bu Tatik', 'kredit140117132811', 'NOVEMBER', '2011/2012'),
('Bu yuliati', 'kredit140117132847', 'NOVEMBER', '2011/2012'),
('Bu Siti K.', 'kredit14011713305', 'DECEMBER', '2011/2012'),
('Bu Tatik', 'kredit140117133133', 'DECEMBER', '2011/2012'),
('Bu yuliati', 'kredit140117133250', 'DECEMBER', '2011/2012'),
('Bu Siti K.', 'kredit25011755148', 'JANUARY', '2011/2012');

-- --------------------------------------------------------

--
-- Table structure for table `guru`
--

CREATE TABLE IF NOT EXISTS `guru` (
  `kode` varchar(20) NOT NULL,
  `nama` varchar(40) NOT NULL,
  `alamat` text NOT NULL,
  `masuk` date NOT NULL,
   hapus boolean not null,
  PRIMARY KEY (`kode`)
) ENGINE=InnoDB DEFAULT CHARSET=utf8;

--
-- Dumping data for table `guru`
--

INSERT INTO `guru` VALUES
('Bu Lilik R', 'Bu Lilik R', 'Semanding', '2005-07-01', false),
('Bu Siti K.', 'Bu Siti K.', 'Bejagung', '2005-07-01', false),
('Bu Tatik', 'Bu Tatik', 'Bejagung', '2009-08-02', false),
('Bu Windari', 'Bu Windari', 'Semanding', '2005-07-01', false),
('Bu yuliati', 'Bu yuliati', 'Semanding Tuban', '2007-11-01', false);

--
-- Constraints for dumped tables
--

--
-- Constraints for table `gaji`
--
ALTER TABLE `gaji`
  ADD CONSTRAINT `gaji_ibfk_1` FOREIGN KEY (`guru`) REFERENCES `guru` (`kode`) ON DELETE CASCADE ON UPDATE CASCADE,
  ADD CONSTRAINT `gaji_ibfk_2` FOREIGN KEY (`trans`) REFERENCES `akutansi` (`kode`) ON DELETE CASCADE ON UPDATE CASCADE;

/*!40101 SET CHARACTER_SET_CLIENT=@OLD_CHARACTER_SET_CLIENT */;
/*!40101 SET CHARACTER_SET_RESULTS=@OLD_CHARACTER_SET_RESULTS */;
/*!40101 SET COLLATION_CONNECTION=@OLD_COLLATION_CONNECTION */;
